"FACTOR","NAME","HIERARCHY1","HIERARCHY2"
"1","Credit Sector - Agencies","Risk Type : Issuer Credit","Credit Sector"
"2","Credit Country - Asia Pacific Other","Risk Type : Issuer Credit","Credit Country"
"3","Credit Country - Australia","Risk Type : Issuer Credit","Credit Country"
"4","Industry - Banks","Risk Type : Equity","Industry"
"5","Credit Style - Beta","Risk Type : Issuer Credit","Credit Style"
"6","Credit Country - Canada","Risk Type : Issuer Credit","Credit Country"
"7","Credit Currency Intercept - CHF Intercept","Risk Type : Issuer Credit","Credit Currency Intercept"
"8","Credit Country - China","Risk Type : Issuer Credit","Credit Country"
"9","Credit Sector - Communication Services","Risk Type : Issuer Credit","Credit Sector"
"10","Credit Sector - Consumer Discretionary","Risk Type : Issuer Credit","Credit Sector"
"11","Credit Sector - Consumer Staples","Risk Type : Issuer Credit","Credit Sector"
"12","Country - Denmark","Risk Type : Equity","Country"
"13","Style - Dividend Yield","Risk Type : Equity","Style"
"14","Style - Earnings Yield","Risk Type : Equity","Style"
"15","Credit Sector - Energy","Risk Type : Issuer Credit","Credit Sector"
"16","Credit Currency Intercept - EUR Intercept","Risk Type : Issuer Credit","Credit Currency Intercept"
"17","Credit Quality - EUR Quality Q1","Risk Type : Issuer Credit","Credit Quality"
"18","Credit Quality - EUR Quality Q2","Risk Type : Issuer Credit","Credit Quality"
"19","Credit Quality - EUR Quality Q3","Risk Type : Issuer Credit","Credit Quality"
"20","Credit Quality - EUR Quality Q4","Risk Type : Issuer Credit","Credit Quality"
"21","Credit Country - Europe Other","Risk Type : Issuer Credit","Credit Country"
"22","Style - Exchange Rate Sensitivity","Risk Type : Equity","Style"
"23","Credit Sector - Financials","Risk Type : Issuer Credit","Credit Sector"
"24","Credit Country - France","Risk Type : Issuer Credit","Credit Country"
"25","Country - France","Risk Type : Equity","Country"
"26","Credit Currency Intercept - GBP Intercept","Risk Type : Issuer Credit","Credit Currency Intercept"
"27","Credit Quality - GBP Quality Q1","Risk Type : Issuer Credit","Credit Quality"
"28","Credit Quality - GBP Quality Q2","Risk Type : Issuer Credit","Credit Quality"
"29","Credit Quality - GBP Quality Q3","Risk Type : Issuer Credit","Credit Quality"
"30","Credit Quality - GBP Quality Q4","Risk Type : Issuer Credit","Credit Quality"
"31","Credit Country - Germany","Risk Type : Issuer Credit","Credit Country"
"32","Market - Global Market","Risk Type : Equity","Market"
"33","Credit Market Intercept - Global Market Intercept","Risk Type : Issuer Credit","Credit Market Intercept"
"34","Style - Growth","Risk Type : Equity","Style"
"35","Credit Sector - Health Care","Risk Type : Issuer Credit","Credit Sector"
"36","Country - Hong Kong","Risk Type : Equity","Country"
"37","Credit Sector - Industrials","Risk Type : Issuer Credit","Credit Sector"
"38","Credit Sector - Information Technology","Risk Type : Issuer Credit","Credit Sector"
"39","Industry - Insurance","Risk Type : Equity","Industry"
"40","Credit Country - Italy","Risk Type : Issuer Credit","Credit Country"
"41","Country - Italy","Risk Type : Equity","Country"
"42","Credit Country - Japan","Risk Type : Issuer Credit","Credit Country"
"43","Credit Currency Intercept - JPY Intercept","Risk Type : Issuer Credit","Credit Currency Intercept"
"44","Credit Country - Latin America and the Caribbean","Risk Type : Issuer Credit","Credit Country"
"45","Style - Leverage","Risk Type : Equity","Style"
"46","Style - Liquidity","Risk Type : Equity","Style"
"47","Style - Market Sensitivity","Risk Type : Equity","Style"
"48","Credit Sector - Materials","Risk Type : Issuer Credit","Credit Sector"
"49","Style - Medium-Term Momentum","Risk Type : Equity","Style"
"50","Credit Country - Middle East and Africa","Risk Type : Issuer Credit","Credit Country"
"51","Credit Quality - Minor CCY Quality Q1","Risk Type : Issuer Credit","Credit Quality"
"52","Credit Quality - Minor CCY Quality Q2","Risk Type : Issuer Credit","Credit Quality"
"53","Credit Quality - Minor CCY Quality Q3","Risk Type : Issuer Credit","Credit Quality"
"54","Credit Quality - Minor CCY Quality Q4","Risk Type : Issuer Credit","Credit Quality"
"55","Credit Style - Momentum","Risk Type : Issuer Credit","Credit Style"
"56","Credit Country - Netherlands","Risk Type : Issuer Credit","Credit Country"
"57","Country - Norway","Risk Type : Equity","Country"
"58","Style - Profitability","Risk Type : Equity","Style"
"59","Credit Sector - Real Estate","Risk Type : Issuer Credit","Credit Sector"
"60","Credit Currency Intercept - SEK Intercept","Risk Type : Issuer Credit","Credit Currency Intercept"
"61","Credit Style - Size","Risk Type : Issuer Credit","Credit Style"
"62","Style - Size","Risk Type : Equity","Style"
"63","Credit Sector - Sovereigns","Risk Type : Issuer Credit","Credit Sector"
"64","Credit Country - Spain","Risk Type : Issuer Credit","Credit Country"
"65","Country - Spain","Risk Type : Equity","Country"
"66","Credit Style - Steepness","Risk Type : Issuer Credit","Credit Style"
"67","Country - Sweden","Risk Type : Equity","Country"
"68","Credit Country - United Kingdom","Risk Type : Issuer Credit","Credit Country"
"69","Credit Country - United States","Risk Type : Issuer Credit","Credit Country"
"70","Credit Currency Intercept - USD Intercept","Risk Type : Issuer Credit","Credit Currency Intercept"
"71","Credit Quality - USD Quality Q1","Risk Type : Issuer Credit","Credit Quality"
"72","Credit Quality - USD Quality Q2","Risk Type : Issuer Credit","Credit Quality"
"73","Credit Quality - USD Quality Q3","Risk Type : Issuer Credit","Credit Quality"
"74","Credit Quality - USD Quality Q4","Risk Type : Issuer Credit","Credit Quality"
"75","Credit Sector - Utilities","Risk Type : Issuer Credit","Credit Sector"
"76","Credit Style - Value","Risk Type : Issuer Credit","Credit Style"
"77","Style - Value","Risk Type : Equity","Style"
"78","Style - Volatility","Risk Type : Equity","Style"
"79","Switzerland Govt Zero Curve (CHF) - CH.CHF.GVT.ZC : 1M","Risk Type : Interest Rate","Switzerland Govt Zero Curve (CHF)"
"80","Switzerland Govt Zero Curve (CHF) - CH.CHF.GVT.ZC : 6M","Risk Type : Interest Rate","Switzerland Govt Zero Curve (CHF)"
"81","Switzerland Govt Zero Curve (CHF) - CH.CHF.GVT.ZC : 1Y","Risk Type : Interest Rate","Switzerland Govt Zero Curve (CHF)"
"82","Switzerland Govt Zero Curve (CHF) - CH.CHF.GVT.ZC : 5Y","Risk Type : Interest Rate","Switzerland Govt Zero Curve (CHF)"
"83","Switzerland Govt Zero Curve (CHF) - CH.CHF.GVT.ZC : 10Y","Risk Type : Interest Rate","Switzerland Govt Zero Curve (CHF)"
"84","Switzerland Govt Zero Curve (CHF) - CH.CHF.GVT.ZC : 20Y","Risk Type : Interest Rate","Switzerland Govt Zero Curve (CHF)"
"85","Switzerland Swap Zero Spread Curve (CHF) - CH.CHF.SWP.ZCS : 1M","Risk Type : Interest Rate","Switzerland Swap Zero Spread Curve (CHF)"
"86","Switzerland Swap Zero Spread Curve (CHF) - CH.CHF.SWP.ZCS : 6M","Risk Type : Interest Rate","Switzerland Swap Zero Spread Curve (CHF)"
"87","Switzerland Swap Zero Spread Curve (CHF) - CH.CHF.SWP.ZCS : 1Y","Risk Type : Interest Rate","Switzerland Swap Zero Spread Curve (CHF)"
"88","Switzerland Swap Zero Spread Curve (CHF) - CH.CHF.SWP.ZCS : 5Y","Risk Type : Interest Rate","Switzerland Swap Zero Spread Curve (CHF)"
"89","Switzerland Swap Zero Spread Curve (CHF) - CH.CHF.SWP.ZCS : 10Y","Risk Type : Interest Rate","Switzerland Swap Zero Spread Curve (CHF)"
"90","Switzerland Swap Zero Spread Curve (CHF) - CH.CHF.SWP.ZCS : 20Y","Risk Type : Interest Rate","Switzerland Swap Zero Spread Curve (CHF)"
"91","CHF Swaption Volatility - CHF.ATM : 10Y.10Y","Risk Type : Vega","CHF Swaption Volatility"
"92","Currency - Currency: Euro","Risk Type : FX","Currency"
"93","Currency - Currency: Pound Sterling","Risk Type : FX","Currency"
"94","Currency - Currency: Swedish Krona","Risk Type : FX","Currency"
"95","Currency - Currency: Swiss Franc","Risk Type : FX","Currency"
"96","Currency - Currency: Yen","Risk Type : FX","Currency"
"97","European Union Govt Zero Curve (EUR) - EP.EUR.GVT.ZC : 1M","Risk Type : Interest Rate","European Union Govt Zero Curve (EUR)"
"98","European Union Govt Zero Curve (EUR) - EP.EUR.GVT.ZC : 6M","Risk Type : Interest Rate","European Union Govt Zero Curve (EUR)"
"99","European Union Govt Zero Curve (EUR) - EP.EUR.GVT.ZC : 1Y","Risk Type : Interest Rate","European Union Govt Zero Curve (EUR)"
"100","European Union Govt Zero Curve (EUR) - EP.EUR.GVT.ZC : 5Y","Risk Type : Interest Rate","European Union Govt Zero Curve (EUR)"
"101","European Union Govt Zero Curve (EUR) - EP.EUR.GVT.ZC : 10Y","Risk Type : Interest Rate","European Union Govt Zero Curve (EUR)"
"102","European Union Govt Zero Curve (EUR) - EP.EUR.GVT.ZC : 20Y","Risk Type : Interest Rate","European Union Govt Zero Curve (EUR)"
"103","European Union Govt Zero Curve (EUR) - EP.EUR.GVT.ZC : 30Y","Risk Type : Interest Rate","European Union Govt Zero Curve (EUR)"
"104","Euro Swap Zero Spread Curve (EUR) - EU.EUR.SWP.ZCS : 1M","Risk Type : Interest Rate","Euro Swap Zero Spread Curve (EUR)"
"105","Euro Swap Zero Spread Curve (EUR) - EU.EUR.SWP.ZCS : 6M","Risk Type : Interest Rate","Euro Swap Zero Spread Curve (EUR)"
"106","Euro Swap Zero Spread Curve (EUR) - EU.EUR.SWP.ZCS : 1Y","Risk Type : Interest Rate","Euro Swap Zero Spread Curve (EUR)"
"107","Euro Swap Zero Spread Curve (EUR) - EU.EUR.SWP.ZCS : 5Y","Risk Type : Interest Rate","Euro Swap Zero Spread Curve (EUR)"
"108","Euro Swap Zero Spread Curve (EUR) - EU.EUR.SWP.ZCS : 10Y","Risk Type : Interest Rate","Euro Swap Zero Spread Curve (EUR)"
"109","Euro Swap Zero Spread Curve (EUR) - EU.EUR.SWP.ZCS : 20Y","Risk Type : Interest Rate","Euro Swap Zero Spread Curve (EUR)"
"110","Euro Swap Zero Spread Curve (EUR) - EU.EUR.SWP.ZCS : 30Y","Risk Type : Interest Rate","Euro Swap Zero Spread Curve (EUR)"
"111","EUR-ACAFP-T2CC in EUR-ACAFP-T2CC - EUR-ACAFP-T2CC : 5Y","Risk Type : Issuer Credit","EUR-ACAFP-T2CC in EUR-ACAFP-T2CC"
"112","EUR-ALLSECTORS-LATM-BBB3 in EUR-ALLSECTORS-LATM-BBB3 - EUR-ALLSECTORS-LATM-BBB3 : 5Y","Risk Type : Issuer Credit","EUR-ALLSECTORS-LATM-BBB3 in EUR-ALLSECTORS-LATM-BBB3"
"113","EUR-ALLSECTORS-NAMR-BBB3 in EUR-ALLSECTORS-NAMR-BBB3 - EUR-ALLSECTORS-NAMR-BBB3 : 5Y","Risk Type : Issuer Credit","EUR-ALLSECTORS-NAMR-BBB3 in EUR-ALLSECTORS-NAMR-BBB3"
"114","EUR-BANKS-EURP-B3 in EUR-BANKS-EURP-B3 - EUR-BANKS-EURP-B3 : 5Y","Risk Type : Issuer Credit","EUR-BANKS-EURP-B3 in EUR-BANKS-EURP-B3"
"115","EUR-BANKS-EURP-BB1 in EUR-BANKS-EURP-BB1 - EUR-BANKS-EURP-BB1 : 5Y","Risk Type : Issuer Credit","EUR-BANKS-EURP-BB1 in EUR-BANKS-EURP-BB1"
"116","EUR-BANKS-EURP-BB2 in EUR-BANKS-EURP-BB2 - EUR-BANKS-EURP-BB2 : 5Y","Risk Type : Issuer Credit","EUR-BANKS-EURP-BB2 in EUR-BANKS-EURP-BB2"
"117","EUR-BANKS-EURP-BBB1 in EUR-BANKS-EURP-BBB1 - EUR-BANKS-EURP-BBB1 : 5Y","Risk Type : Issuer Credit","EUR-BANKS-EURP-BBB1 in EUR-BANKS-EURP-BBB1"
"118","EUR-BANKS-EURP-BBB2 in EUR-BANKS-EURP-BBB2 - EUR-BANKS-EURP-BBB2 : 5Y","Risk Type : Issuer Credit","EUR-BANKS-EURP-BBB2 in EUR-BANKS-EURP-BBB2"
"119","EUR-BANKS-EURP-BBB3 in EUR-BANKS-EURP-BBB3 - EUR-BANKS-EURP-BBB3 : 5Y","Risk Type : Issuer Credit","EUR-BANKS-EURP-BBB3 in EUR-BANKS-EURP-BBB3"
"120","EUR-DVFIN-EURP-BB2 in EUR-DVFIN-EURP-BB2 - EUR-DVFIN-EURP-BB2 : 5Y","Risk Type : Issuer Credit","EUR-DVFIN-EURP-BB2 in EUR-DVFIN-EURP-BB2"
"121","EUR-ENRG-GLOBAL-BB1 in EUR-ENRG-GLOBAL-BB1 - EUR-ENRG-GLOBAL-BB1 : 5Y","Risk Type : Issuer Credit","EUR-ENRG-GLOBAL-BB1 in EUR-ENRG-GLOBAL-BB1"
"122","EUR-HSBC-T2CC in EUR-HSBC-T2CC - EUR-HSBC-T2CC : 5Y","Risk Type : Issuer Credit","EUR-HSBC-T2CC in EUR-HSBC-T2CC"
"123","EUR-ISPIM-T1 in EUR-ISPIM-T1 - EUR-ISPIM-T1 : 5Y","Risk Type : Issuer Credit","EUR-ISPIM-T1 in EUR-ISPIM-T1"
"124","EUR-NDASS-SEN in EUR-NDASS-SEN - EUR-NDASS-SEN : 5Y","Risk Type : Issuer Credit","EUR-NDASS-SEN in EUR-NDASS-SEN"
"125","EUR-NDASS-T2 in EUR-NDASS-T2 - EUR-NDASS-T2 : 5Y","Risk Type : Issuer Credit","EUR-NDASS-T2 in EUR-NDASS-T2"
"126","A Spread over EUR Swap Curve - EUR.(A).SPRSWP : 5Y","Risk Type : Issuer Credit","A Spread over EUR Swap Curve"
"127","EUR Swaption Volatility - EUR.ATM : 10Y.10Y","Risk Type : Vega","EUR Swaption Volatility"
"128","United Kingdom Govt Zero Curve (GBP) - GB.GBP.GVT.ZC : 1M","Risk Type : Interest Rate","United Kingdom Govt Zero Curve (GBP)"
"129","United Kingdom Govt Zero Curve (GBP) - GB.GBP.GVT.ZC : 6M","Risk Type : Interest Rate","United Kingdom Govt Zero Curve (GBP)"
"130","United Kingdom Govt Zero Curve (GBP) - GB.GBP.GVT.ZC : 1Y","Risk Type : Interest Rate","United Kingdom Govt Zero Curve (GBP)"
"131","United Kingdom Govt Zero Curve (GBP) - GB.GBP.GVT.ZC : 5Y","Risk Type : Interest Rate","United Kingdom Govt Zero Curve (GBP)"
"132","United Kingdom Govt Zero Curve (GBP) - GB.GBP.GVT.ZC : 10Y","Risk Type : Interest Rate","United Kingdom Govt Zero Curve (GBP)"
"133","United Kingdom Govt Zero Curve (GBP) - GB.GBP.GVT.ZC : 20Y","Risk Type : Interest Rate","United Kingdom Govt Zero Curve (GBP)"
"134","United Kingdom Govt Zero Curve (GBP) - GB.GBP.GVT.ZC : 30Y","Risk Type : Interest Rate","United Kingdom Govt Zero Curve (GBP)"
"135","United Kingdom Swap Zero Spread Curve (GBP) - GB.GBP.SWP.ZCS : 1M","Risk Type : Interest Rate","United Kingdom Swap Zero Spread Curve (GBP)"
"136","United Kingdom Swap Zero Spread Curve (GBP) - GB.GBP.SWP.ZCS : 6M","Risk Type : Interest Rate","United Kingdom Swap Zero Spread Curve (GBP)"
"137","United Kingdom Swap Zero Spread Curve (GBP) - GB.GBP.SWP.ZCS : 1Y","Risk Type : Interest Rate","United Kingdom Swap Zero Spread Curve (GBP)"
"138","United Kingdom Swap Zero Spread Curve (GBP) - GB.GBP.SWP.ZCS : 5Y","Risk Type : Interest Rate","United Kingdom Swap Zero Spread Curve (GBP)"
"139","United Kingdom Swap Zero Spread Curve (GBP) - GB.GBP.SWP.ZCS : 10Y","Risk Type : Interest Rate","United Kingdom Swap Zero Spread Curve (GBP)"
"140","United Kingdom Swap Zero Spread Curve (GBP) - GB.GBP.SWP.ZCS : 20Y","Risk Type : Interest Rate","United Kingdom Swap Zero Spread Curve (GBP)"
"141","United Kingdom Swap Zero Spread Curve (GBP) - GB.GBP.SWP.ZCS : 30Y","Risk Type : Interest Rate","United Kingdom Swap Zero Spread Curve (GBP)"
"142","GBP-BANKS-GLOBAL-BB2 in GBP-BANKS-GLOBAL-BB2 - GBP-BANKS-GLOBAL-BB2 : 5Y","Risk Type : Issuer Credit","GBP-BANKS-GLOBAL-BB2 in GBP-BANKS-GLOBAL-BB2"
"143","GBP-BANKS-GLOBAL-BBB1 in GBP-BANKS-GLOBAL-BBB1 - GBP-BANKS-GLOBAL-BBB1 : 5Y","Risk Type : Issuer Credit","GBP-BANKS-GLOBAL-BBB1 in GBP-BANKS-GLOBAL-BBB1"
"144","GBP-BANKS-GLOBAL-BBB2 in GBP-BANKS-GLOBAL-BBB2 - GBP-BANKS-GLOBAL-BBB2 : 5Y","Risk Type : Issuer Credit","GBP-BANKS-GLOBAL-BBB2 in GBP-BANKS-GLOBAL-BBB2"
"145","GBP-BANKS-GLOBAL-BBB3 in GBP-BANKS-GLOBAL-BBB3 - GBP-BANKS-GLOBAL-BBB3 : 5Y","Risk Type : Issuer Credit","GBP-BANKS-GLOBAL-BBB3 in GBP-BANKS-GLOBAL-BBB3"
"146","GBP-HSBC-T2CC in GBP-HSBC-T2CC - GBP-HSBC-T2CC : 5Y","Risk Type : Issuer Credit","GBP-HSBC-T2CC in GBP-HSBC-T2CC"
"147","GBP-INSNC-GLOBAL-BBB2 in GBP-INSNC-GLOBAL-BBB2 - GBP-INSNC-GLOBAL-BBB2 : 5Y","Risk Type : Issuer Credit","GBP-INSNC-GLOBAL-BBB2 in GBP-INSNC-GLOBAL-BBB2"
"148","GBP-NFN-NAMR-BBB2 in GBP-NFN-NAMR-BBB2 - GBP-NFN-NAMR-BBB2 : 5Y","Risk Type : Issuer Credit","GBP-NFN-NAMR-BBB2 in GBP-NFN-NAMR-BBB2"
"149","GBP-NXTLN-SEN in GBP-NXTLN-SEN - GBP-NXTLN-SEN : 5Y","Risk Type : Issuer Credit","GBP-NXTLN-SEN in GBP-NXTLN-SEN"
"150","GBP-SV-GLOBAL-BBB2 in GBP-SV-GLOBAL-BBB2 - GBP-SV-GLOBAL-BBB2 : 5Y","Risk Type : Issuer Credit","GBP-SV-GLOBAL-BBB2 in GBP-SV-GLOBAL-BBB2"
"151","GBP-UTIL-GLOBAL-BBB1 in GBP-UTIL-GLOBAL-BBB1 - GBP-UTIL-GLOBAL-BBB1 : 5Y","Risk Type : Issuer Credit","GBP-UTIL-GLOBAL-BBB1 in GBP-UTIL-GLOBAL-BBB1"
"152","A Spread over GBP Swap Curve - GBP.(A).SPRSWP : 5Y","Risk Type : Issuer Credit","A Spread over GBP Swap Curve"
"153","AA Spread over GBP Swap Curve - GBP.(AA).SPRSWP : 5Y","Risk Type : Issuer Credit","AA Spread over GBP Swap Curve"
"154","BBB Spread over GBP Swap Curve - GBP.(BBB).SPRSWP : 5Y","Risk Type : Issuer Credit","BBB Spread over GBP Swap Curve"
"155","SUB-IG Spread over GBP Swap Curve - GBP.(SUB-IG).SPRSWP : 5Y","Risk Type : Issuer Credit","SUB-IG Spread over GBP Swap Curve"
"156","GBP Swaption Volatility - GBP.ATM : 10Y.10Y","Risk Type : Vega","GBP Swaption Volatility"
"157","Japan Govt Zero Curve (JPY) - JP.JPY.GVT.ZC : 1M","Risk Type : Interest Rate","Japan Govt Zero Curve (JPY)"
"158","Japan Govt Zero Curve (JPY) - JP.JPY.GVT.ZC : 6M","Risk Type : Interest Rate","Japan Govt Zero Curve (JPY)"
"159","Japan Govt Zero Curve (JPY) - JP.JPY.GVT.ZC : 1Y","Risk Type : Interest Rate","Japan Govt Zero Curve (JPY)"
"160","Japan Govt Zero Curve (JPY) - JP.JPY.GVT.ZC : 5Y","Risk Type : Interest Rate","Japan Govt Zero Curve (JPY)"
"161","Japan Govt Zero Curve (JPY) - JP.JPY.GVT.ZC : 10Y","Risk Type : Interest Rate","Japan Govt Zero Curve (JPY)"
"162","Japan Govt Zero Curve (JPY) - JP.JPY.GVT.ZC : 20Y","Risk Type : Interest Rate","Japan Govt Zero Curve (JPY)"
"163","Japan Govt Zero Curve (JPY) - JP.JPY.GVT.ZC : 30Y","Risk Type : Interest Rate","Japan Govt Zero Curve (JPY)"
"164","Japan Swap Zero Spread Curve (JPY) - JP.JPY.SWP.ZCS : 1M","Risk Type : Interest Rate","Japan Swap Zero Spread Curve (JPY)"
"165","Japan Swap Zero Spread Curve (JPY) - JP.JPY.SWP.ZCS : 6M","Risk Type : Interest Rate","Japan Swap Zero Spread Curve (JPY)"
"166","Japan Swap Zero Spread Curve (JPY) - JP.JPY.SWP.ZCS : 1Y","Risk Type : Interest Rate","Japan Swap Zero Spread Curve (JPY)"
"167","Japan Swap Zero Spread Curve (JPY) - JP.JPY.SWP.ZCS : 5Y","Risk Type : Interest Rate","Japan Swap Zero Spread Curve (JPY)"
"168","Japan Swap Zero Spread Curve (JPY) - JP.JPY.SWP.ZCS : 10Y","Risk Type : Interest Rate","Japan Swap Zero Spread Curve (JPY)"
"169","Japan Swap Zero Spread Curve (JPY) - JP.JPY.SWP.ZCS : 20Y","Risk Type : Interest Rate","Japan Swap Zero Spread Curve (JPY)"
"170","Japan Swap Zero Spread Curve (JPY) - JP.JPY.SWP.ZCS : 30Y","Risk Type : Interest Rate","Japan Swap Zero Spread Curve (JPY)"
"171","BBB Spread over JPY Swap Curve - JPY.(BBB).SPRSWP : 5Y","Risk Type : Issuer Credit","BBB Spread over JPY Swap Curve"
"172","JPY Swaption Volatility - JPY.ATM : 10Y.10Y","Risk Type : Vega","JPY Swaption Volatility"
"173","Sweden Govt Zero Curve (SEK) - SE.SEK.GVT.ZC : 1M","Risk Type : Interest Rate","Sweden Govt Zero Curve (SEK)"
"174","Sweden Govt Zero Curve (SEK) - SE.SEK.GVT.ZC : 6M","Risk Type : Interest Rate","Sweden Govt Zero Curve (SEK)"
"175","Sweden Govt Zero Curve (SEK) - SE.SEK.GVT.ZC : 1Y","Risk Type : Interest Rate","Sweden Govt Zero Curve (SEK)"
"176","Sweden Govt Zero Curve (SEK) - SE.SEK.GVT.ZC : 5Y","Risk Type : Interest Rate","Sweden Govt Zero Curve (SEK)"
"177","Sweden Govt Zero Curve (SEK) - SE.SEK.GVT.ZC : 10Y","Risk Type : Interest Rate","Sweden Govt Zero Curve (SEK)"
"178","Sweden Govt Zero Curve (SEK) - SE.SEK.GVT.ZC : 20Y","Risk Type : Interest Rate","Sweden Govt Zero Curve (SEK)"
"179","Sweden Swap Zero Spread Curve (SEK) - SE.SEK.SWP.ZCS : 1M","Risk Type : Interest Rate","Sweden Swap Zero Spread Curve (SEK)"
"180","Sweden Swap Zero Spread Curve (SEK) - SE.SEK.SWP.ZCS : 6M","Risk Type : Interest Rate","Sweden Swap Zero Spread Curve (SEK)"
"181","Sweden Swap Zero Spread Curve (SEK) - SE.SEK.SWP.ZCS : 1Y","Risk Type : Interest Rate","Sweden Swap Zero Spread Curve (SEK)"
"182","Sweden Swap Zero Spread Curve (SEK) - SE.SEK.SWP.ZCS : 5Y","Risk Type : Interest Rate","Sweden Swap Zero Spread Curve (SEK)"
"183","Sweden Swap Zero Spread Curve (SEK) - SE.SEK.SWP.ZCS : 10Y","Risk Type : Interest Rate","Sweden Swap Zero Spread Curve (SEK)"
"184","Sweden Swap Zero Spread Curve (SEK) - SE.SEK.SWP.ZCS : 20Y","Risk Type : Interest Rate","Sweden Swap Zero Spread Curve (SEK)"
"185","SEK Swaption Volatility - SEK.ATM : 5Y.10Y","Risk Type : Vega","SEK Swaption Volatility"
"186","USD ABS-CMBS IG Rating based spread over sovereign - US.USD.CMBS(IG).ABS : 5Y","Risk Type : Issuer Credit","USD ABS-CMBS IG Rating based spread over sovereign"
"187","United States Govt Zero Curve (USD) - US.USD.GVT.ZC : 1M","Risk Type : Interest Rate","United States Govt Zero Curve (USD)"
"188","United States Govt Zero Curve (USD) - US.USD.GVT.ZC : 6M","Risk Type : Interest Rate","United States Govt Zero Curve (USD)"
"189","United States Govt Zero Curve (USD) - US.USD.GVT.ZC : 1Y","Risk Type : Interest Rate","United States Govt Zero Curve (USD)"
"190","United States Govt Zero Curve (USD) - US.USD.GVT.ZC : 5Y","Risk Type : Interest Rate","United States Govt Zero Curve (USD)"
"191","United States Govt Zero Curve (USD) - US.USD.GVT.ZC : 10Y","Risk Type : Interest Rate","United States Govt Zero Curve (USD)"
"192","United States Govt Zero Curve (USD) - US.USD.GVT.ZC : 20Y","Risk Type : Interest Rate","United States Govt Zero Curve (USD)"
"193","United States Govt Zero Curve (USD) - US.USD.GVT.ZC : 30Y","Risk Type : Interest Rate","United States Govt Zero Curve (USD)"
"194","United States Swap Zero Spread Curve (USD) - US.USD.SWP.ZCS : 1M","Risk Type : Interest Rate","United States Swap Zero Spread Curve (USD)"
"195","United States Swap Zero Spread Curve (USD) - US.USD.SWP.ZCS : 6M","Risk Type : Interest Rate","United States Swap Zero Spread Curve (USD)"
"196","United States Swap Zero Spread Curve (USD) - US.USD.SWP.ZCS : 1Y","Risk Type : Interest Rate","United States Swap Zero Spread Curve (USD)"
"197","United States Swap Zero Spread Curve (USD) - US.USD.SWP.ZCS : 5Y","Risk Type : Interest Rate","United States Swap Zero Spread Curve (USD)"
"198","United States Swap Zero Spread Curve (USD) - US.USD.SWP.ZCS : 10Y","Risk Type : Interest Rate","United States Swap Zero Spread Curve (USD)"
"199","United States Swap Zero Spread Curve (USD) - US.USD.SWP.ZCS : 20Y","Risk Type : Interest Rate","United States Swap Zero Spread Curve (USD)"
"200","United States Swap Zero Spread Curve (USD) - US.USD.SWP.ZCS : 30Y","Risk Type : Interest Rate","United States Swap Zero Spread Curve (USD)"
"201","USD-AGUCN-SEN in USD-AGUCN-SEN - USD-AGUCN-SEN : 5Y","Risk Type : Issuer Credit","USD-AGUCN-SEN in USD-AGUCN-SEN"
"202","USD-ALLSECTORS-GLOBAL-BBB3 in USD-ALLSECTORS-GLOBAL-BBB3 - USD-ALLSECTORS-GLOBAL-BBB3 : 5Y","Risk Type : Issuer Credit","USD-ALLSECTORS-GLOBAL-BBB3 in USD-ALLSECTORS-GLOBAL-BBB3"
"203","USD-ALLSECTORS-LATM-BBB3 in USD-ALLSECTORS-LATM-BBB3 - USD-ALLSECTORS-LATM-BBB3 : 5Y","Risk Type : Issuer Credit","USD-ALLSECTORS-LATM-BBB3 in USD-ALLSECTORS-LATM-BBB3"
"204","USD-ARNC-SEN in USD-ARNC-SEN - USD-ARNC-SEN : 5Y","Risk Type : Issuer Credit","USD-ARNC-SEN in USD-ARNC-SEN"
"205","USD-BANKS-EURP-BBB1 in USD-BANKS-EURP-BBB1 - USD-BANKS-EURP-BBB1 : 5Y","Risk Type : Issuer Credit","USD-BANKS-EURP-BBB1 in USD-BANKS-EURP-BBB1"
"206","USD-BANKS-EURP-BBB3 in USD-BANKS-EURP-BBB3 - USD-BANKS-EURP-BBB3 : 5Y","Risk Type : Issuer Credit","USD-BANKS-EURP-BBB3 in USD-BANKS-EURP-BBB3"
"207","USD-BANKS-NAMR-A3 in USD-BANKS-NAMR-A3 - USD-BANKS-NAMR-A3 : 5Y","Risk Type : Issuer Credit","USD-BANKS-NAMR-A3 in USD-BANKS-NAMR-A3"
"208","USD-BRCKG-SEN in USD-BRCKG-SEN - USD-BRCKG-SEN : 5Y","Risk Type : Issuer Credit","USD-BRCKG-SEN in USD-BRCKG-SEN"
"209","USD-BSTFO-SEN in USD-BSTFO-SEN - USD-BSTFO-SEN : 5Y","Risk Type : Issuer Credit","USD-BSTFO-SEN in USD-BSTFO-SEN"
"210","USD-CNQCN-SEN in USD-CNQCN-SEN - USD-CNQCN-SEN : 5Y","Risk Type : Issuer Credit","USD-CNQCN-SEN in USD-CNQCN-SEN"
"211","USD-CVECN-SEN in USD-CVECN-SEN - USD-CVECN-SEN : 5Y","Risk Type : Issuer Credit","USD-CVECN-SEN in USD-CVECN-SEN"
"212","USD-DVFIN-NAMR-BBB3 in USD-DVFIN-NAMR-BBB3 - USD-DVFIN-NAMR-BBB3 : 5Y","Risk Type : Issuer Credit","USD-DVFIN-NAMR-BBB3 in USD-DVFIN-NAMR-BBB3"
"213","USD-ECACN-SEN in USD-ECACN-SEN - USD-ECACN-SEN : 5Y","Risk Type : Issuer Credit","USD-ECACN-SEN in USD-ECACN-SEN"
"214","USD-ENRG-NAMR-CCC2 in USD-ENRG-NAMR-CCC2 - USD-ENRG-NAMR-CCC2 : 5Y","Risk Type : Issuer Credit","USD-ENRG-NAMR-CCC2 in USD-ENRG-NAMR-CCC2"
"215","USD-ETR_ARKINC-LN1 in USD-ETR_ARKINC-LN1 - USD-ETR_ARKINC-LN1 : 5Y","Risk Type : Issuer Credit","USD-ETR_ARKINC-LN1 in USD-ETR_ARKINC-LN1"
"216","USD-GXP-SEN in USD-GXP-SEN - USD-GXP-SEN : 5Y","Risk Type : Issuer Credit","USD-GXP-SEN in USD-GXP-SEN"
"217","USD-HOT-SEN in USD-HOT-SEN - USD-HOT-SEN : 5Y","Risk Type : Issuer Credit","USD-HOT-SEN in USD-HOT-SEN"
"218","USD-INDU-EURP-BBB3 in USD-INDU-EURP-BBB3 - USD-INDU-EURP-BBB3 : 5Y","Risk Type : Issuer Credit","USD-INDU-EURP-BBB3 in USD-INDU-EURP-BBB3"
"219","USD-INSNC-GLOBAL-BBB2 in USD-INSNC-GLOBAL-BBB2 - USD-INSNC-GLOBAL-BBB2 : 5Y","Risk Type : Issuer Credit","USD-INSNC-GLOBAL-BBB2 in USD-INSNC-GLOBAL-BBB2"
"220","USD-NDASS-SEN in USD-NDASS-SEN - USD-NDASS-SEN : 5Y","Risk Type : Issuer Credit","USD-NDASS-SEN in USD-NDASS-SEN"
"221","USD-REPSM-SEN in USD-REPSM-SEN - USD-REPSM-SEN : 5Y","Risk Type : Issuer Credit","USD-REPSM-SEN in USD-REPSM-SEN"
"222","USD-TRANS-NAMR-BBB3 in USD-TRANS-NAMR-BBB3 - USD-TRANS-NAMR-BBB3 : 5Y","Risk Type : Issuer Credit","USD-TRANS-NAMR-BBB3 in USD-TRANS-NAMR-BBB3"
"223","USD-TWC-SEN in USD-TWC-SEN - USD-TWC-SEN : 5Y","Risk Type : Issuer Credit","USD-TWC-SEN in USD-TWC-SEN"
"224","USD-TWX-SEN in USD-TWX-SEN - USD-TWX-SEN : 5Y","Risk Type : Issuer Credit","USD-TWX-SEN in USD-TWX-SEN"
"225","USD-UTIL-NAMR-BBB3 in USD-UTIL-NAMR-BBB3 - USD-UTIL-NAMR-BBB3 : 5Y","Risk Type : Issuer Credit","USD-UTIL-NAMR-BBB3 in USD-UTIL-NAMR-BBB3"
"226","USD-VOTORA-SEN in USD-VOTORA-SEN - USD-VOTORA-SEN : 5Y","Risk Type : Issuer Credit","USD-VOTORA-SEN in USD-VOTORA-SEN"
"227","SUB-IG Spread over USD Swap Curve - USD.(SUB-IG).SPRSWP : 5Y","Risk Type : Issuer Credit","SUB-IG Spread over USD Swap Curve"
"228","USD Swaption Volatility - USD.ATM : 10Y.10Y","Risk Type : Vega","USD Swaption Volatility"
"229","Consumer Discretionary Spread over SUB-IG - USD Curve - USD.RATGICsSEC(SUB-IG,Consumer Discretionary) : 5Y","Risk Type : Issuer Credit","Consumer Discretionary Spread over SUB-IG - USD Curve"
"230","EUR-BANKS-EURP-CCC1 in EUR-BANKS-EURP-CCC1 - EUR-BANKS-EURP-CCC1 : 5Y","Risk Type : Issuer Credit","EUR-BANKS-EURP-CCC1 in EUR-BANKS-EURP-CCC1"
"231","GBP-BANKS-GLOBAL-BB1 in GBP-BANKS-GLOBAL-BB1 - GBP-BANKS-GLOBAL-BB1 : 5Y","Risk Type : Issuer Credit","GBP-BANKS-GLOBAL-BB1 in GBP-BANKS-GLOBAL-BB1"
"232","Sweden Govt Zero Curve (SEK) - SE.SEK.GVT.ZC : 30Y","Risk Type : Interest Rate","Sweden Govt Zero Curve (SEK)"
"233","USD-BANKS-EURP-BB1 in USD-BANKS-EURP-BB1 - USD-BANKS-EURP-BB1 : 5Y","Risk Type : Issuer Credit","USD-BANKS-EURP-BB1 in USD-BANKS-EURP-BB1"
"234","Germany Govt Spread - DE.EUR.SOVSPR : 5Y","Risk Type : Issuer Credit","Germany Govt Spread"
"235","USD-QBRCN_VIDEOTRON-SEN in USD-QBRCN_VIDEOTRON-SEN - USD-QBRCN_VIDEOTRON-SEN : 5Y","Risk Type : Issuer Credit","USD-QBRCN_VIDEOTRON-SEN in USD-QBRCN_VIDEOTRON-SEN"
"236","USD-ENRG-NAMR-BBB3 in USD-ENRG-NAMR-BBB3 - USD-ENRG-NAMR-BBB3 : 5Y","Risk Type : Issuer Credit","USD-ENRG-NAMR-BBB3 in USD-ENRG-NAMR-BBB3"
"237","Credit Sector - Non-US municipals","Risk Type : Issuer Credit","Credit Sector"
"238","USD-AAL-SSEC in USD-AAL-SSEC - USD-AAL-SSEC : 5Y","Risk Type : Issuer Credit","USD-AAL-SSEC in USD-AAL-SSEC"
"239","GBP-UTIL-GLOBAL-A3 in GBP-UTIL-GLOBAL-A3 - GBP-UTIL-GLOBAL-A3 : 5Y","Risk Type : Issuer Credit","GBP-UTIL-GLOBAL-A3 in GBP-UTIL-GLOBAL-A3"
"240","USD-TSO-SEN in USD-TSO-SEN - USD-TSO-SEN : 5Y","Risk Type : Issuer Credit","USD-TSO-SEN in USD-TSO-SEN"
"241","USD-CCRUCN-SEN in USD-CCRUCN-SEN - USD-CCRUCN-SEN : 5Y","Risk Type : Issuer Credit","USD-CCRUCN-SEN in USD-CCRUCN-SEN"
"242","GBP-NDASS-SEN in GBP-NDASS-SEN - GBP-NDASS-SEN : 5Y","Risk Type : Issuer Credit","GBP-NDASS-SEN in GBP-NDASS-SEN"
"243","USD-NGDCN-SEN in USD-NGDCN-SEN - USD-NGDCN-SEN : 5Y","Risk Type : Issuer Credit","USD-NGDCN-SEN in USD-NGDCN-SEN"
"244","USD-REN-SEN in USD-REN-SEN - USD-REN-SEN : 5Y","Risk Type : Issuer Credit","USD-REN-SEN in USD-REN-SEN"
"245","GBP-DVFIN-UKNG-BBB3 in GBP-DVFIN-UKNG-BBB3 - GBP-DVFIN-UKNG-BBB3 : 5Y","Risk Type : Issuer Credit","GBP-DVFIN-UKNG-BBB3 in GBP-DVFIN-UKNG-BBB3"
"246","GBP-UTIL-GLOBAL-BBB3 in GBP-UTIL-GLOBAL-BBB3 - GBP-UTIL-GLOBAL-BBB3 : 5Y","Risk Type : Issuer Credit","GBP-UTIL-GLOBAL-BBB3 in GBP-UTIL-GLOBAL-BBB3"
"247","USD-DLLTD-SEN in USD-DLLTD-SEN - USD-DLLTD-SEN : 5Y","Risk Type : Issuer Credit","USD-DLLTD-SEN in USD-DLLTD-SEN"
"248","Switzerland Govt Zero Curve (CHF) - CH.CHF.GVT.ZC : 30Y","Risk Type : Interest Rate","Switzerland Govt Zero Curve (CHF)"
"249","Switzerland Swap Zero Spread Curve (CHF) - CH.CHF.SWP.ZCS : 30Y","Risk Type : Interest Rate","Switzerland Swap Zero Spread Curve (CHF)"
"250","EUR-ELIASO-SEN in EUR-ELIASO-SEN - EUR-ELIASO-SEN : 5Y","Risk Type : Issuer Credit","EUR-ELIASO-SEN in EUR-ELIASO-SEN"
"251","Industry - Capital Markets","Risk Type : Equity","Industry"
"252","Country - Switzerland","Risk Type : Equity","Country"
"253","USD-TRANS-GLOBAL-BBB3 in USD-TRANS-GLOBAL-BBB3 - USD-TRANS-GLOBAL-BBB3 : 5Y","Risk Type : Issuer Credit","USD-TRANS-GLOBAL-BBB3 in USD-TRANS-GLOBAL-BBB3"
"254","GBP-AFFNTY-SEN in GBP-AFFNTY-SEN - GBP-AFFNTY-SEN : 5Y","Risk Type : Issuer Credit","GBP-AFFNTY-SEN in GBP-AFFNTY-SEN"
"255","USD-CEN-SEN in USD-CEN-SEN - USD-CEN-SEN : 5Y","Risk Type : Issuer Credit","USD-CEN-SEN in USD-CEN-SEN"
"256","USD-MEDIA-NAMR-BBB3 in USD-MEDIA-NAMR-BBB3 - USD-MEDIA-NAMR-BBB3 : 5Y","Risk Type : Issuer Credit","USD-MEDIA-NAMR-BBB3 in USD-MEDIA-NAMR-BBB3"
"257","USD-ENRG-NAMR-CCC3 in USD-ENRG-NAMR-CCC3 - USD-ENRG-NAMR-CCC3 : 5Y","Risk Type : Issuer Credit","USD-ENRG-NAMR-CCC3 in USD-ENRG-NAMR-CCC3"
"258","Country - China","Risk Type : Equity","Country"
"259","Local - Domestic China","Risk Type : Equity","Local"
"260","GBP-PRUFIN-T2 in GBP-PRUFIN-T2 - GBP-PRUFIN-T2 : 5Y","Risk Type : Issuer Credit","GBP-PRUFIN-T2 in GBP-PRUFIN-T2"
"261","Country - Australia","Risk Type : Equity","Country"
"262","Country - Japan","Risk Type : Equity","Country"
"263","Country - Singapore","Risk Type : Equity","Country"
"264","Country - United Kingdom","Risk Type : Equity","Country"
"265","Country - Korea, Republic of","Risk Type : Equity","Country"
"266","Country - Thailand","Risk Type : Equity","Country"
"267","A Spread over USD Swap Curve - USD.(A).SPRSWP : 5Y","Risk Type : Issuer Credit","A Spread over USD Swap Curve"
"268","Stock - Stock: HSBC HOLDINGS PLC","Risk Type : Equity","Stock"
"269","Country - Ireland","Risk Type : Equity","Country"
"270","Country - Canada","Risk Type : Equity","Country"
"271","Country - Turkey","Risk Type : Equity","Country"
"272","BBB Spread over USD Swap Curve - USD.(BBB).SPRSWP : 5Y","Risk Type : Issuer Credit","BBB Spread over USD Swap Curve"
"273","Country - Mexico","Risk Type : Equity","Country"
"274","EUR-BCBCN-SEN in EUR-BCBCN-SEN - EUR-BCBCN-SEN : 5Y","Risk Type : Issuer Credit","EUR-BCBCN-SEN in EUR-BCBCN-SEN"
"275","EUR-ELENIA-SSEC in EUR-ELENIA-SSEC - EUR-ELENIA-SSEC : 5Y","Risk Type : Issuer Credit","EUR-ELENIA-SSEC in EUR-ELENIA-SSEC"
"276","EUR-SRENVX_LC-SEN in EUR-SRENVX_LC-SEN - EUR-SRENVX_LC-SEN : 5Y","Risk Type : Issuer Credit","EUR-SRENVX_LC-SEN in EUR-SRENVX_LC-SEN"
"277","GBP-DEBLN-SEN in GBP-DEBLN-SEN - GBP-DEBLN-SEN : 5Y","Risk Type : Issuer Credit","GBP-DEBLN-SEN in GBP-DEBLN-SEN"
"278","GBP-PHNXLN-T2 in GBP-PHNXLN-T2 - GBP-PHNXLN-T2 : 5Y","Risk Type : Issuer Credit","GBP-PHNXLN-T2 in GBP-PHNXLN-T2"
"279","USD-CXRCN-SEN in USD-CXRCN-SEN - USD-CXRCN-SEN : 5Y","Risk Type : Issuer Credit","USD-CXRCN-SEN in USD-CXRCN-SEN"
"280","USD-FLIR-SEN in USD-FLIR-SEN - USD-FLIR-SEN : 5Y","Risk Type : Issuer Credit","USD-FLIR-SEN in USD-FLIR-SEN"
"281","USD-KOS-SSEC in USD-KOS-SSEC - USD-KOS-SSEC : 5Y","Risk Type : Issuer Credit","USD-KOS-SSEC in USD-KOS-SSEC"
"282","USD-MIDCON-SEN in USD-MIDCON-SEN - USD-MIDCON-SEN : 5Y","Risk Type : Issuer Credit","USD-MIDCON-SEN in USD-MIDCON-SEN"
"283","USD-PES-SEN in USD-PES-SEN - USD-PES-SEN : 5Y","Risk Type : Issuer Credit","USD-PES-SEN in USD-PES-SEN"
"284","USD-STELND-SSEC in USD-STELND-SSEC - USD-STELND-SSEC : 5Y","Risk Type : Issuer Credit","USD-STELND-SSEC in USD-STELND-SSEC"
"285","USD-YRICN-SEN in USD-YRICN-SEN - USD-YRICN-SEN : 5Y","Risk Type : Issuer Credit","USD-YRICN-SEN in USD-YRICN-SEN"
"286","Country - Russian Federation","Risk Type : Equity","Country"
"287","GBP-PHNXLN-SEN in GBP-PHNXLN-SEN - GBP-PHNXLN-SEN : 5Y","Risk Type : Issuer Credit","GBP-PHNXLN-SEN in GBP-PHNXLN-SEN"
"288","Country - Netherlands","Risk Type : Equity","Country"
"289","Stock - Stock: BANK OF EAST ASIA","Risk Type : Equity","Stock"
"290","Industry - Diversified Financial Services","Risk Type : Equity","Industry"
"291","Country - South Africa","Risk Type : Equity","Country"
"292","AAA Spread over USD Swap Curve - USD.(AAA).SPRSWP : 5Y","Risk Type : Issuer Credit","AAA Spread over USD Swap Curve"
"293","EUR-LINGR-SEN in EUR-LINGR-SEN - EUR-LINGR-SEN : 5Y","Risk Type : Issuer Credit","EUR-LINGR-SEN in EUR-LINGR-SEN"
"294","GBP-LINGR-SEN in GBP-LINGR-SEN - GBP-LINGR-SEN : 5Y","Risk Type : Issuer Credit","GBP-LINGR-SEN in GBP-LINGR-SEN"
"295","Country - Taiwan","Risk Type : Equity","Country"
"296","USD Interest Rate Swap Curve - US.USD.IRSWP.ZC : 1M","Risk Type : Interest Rate","USD Interest Rate Swap Curve"
"297","USD Interest Rate Swap Curve - US.USD.IRSWP.ZC : 6M","Risk Type : Interest Rate","USD Interest Rate Swap Curve"
"298","USD Interest Rate Swap Curve - US.USD.IRSWP.ZC : 1Y","Risk Type : Interest Rate","USD Interest Rate Swap Curve"
"299","USD Interest Rate Swap Curve - US.USD.IRSWP.ZC : 5Y","Risk Type : Interest Rate","USD Interest Rate Swap Curve"
"300","USD Interest Rate Swap Curve - US.USD.IRSWP.ZC : 10Y","Risk Type : Interest Rate","USD Interest Rate Swap Curve"
"301","EUR Interest Rate Swap Curve - EU.EUR.IRSWP.ZC : 1M","Risk Type : Interest Rate","EUR Interest Rate Swap Curve"
"302","EUR Interest Rate Swap Curve - EU.EUR.IRSWP.ZC : 6M","Risk Type : Interest Rate","EUR Interest Rate Swap Curve"
"303","EUR Interest Rate Swap Curve - EU.EUR.IRSWP.ZC : 1Y","Risk Type : Interest Rate","EUR Interest Rate Swap Curve"
"304","EUR Interest Rate Swap Curve - EU.EUR.IRSWP.ZC : 5Y","Risk Type : Interest Rate","EUR Interest Rate Swap Curve"
"305","EUR Interest Rate Swap Curve - EU.EUR.IRSWP.ZC : 10Y","Risk Type : Interest Rate","EUR Interest Rate Swap Curve"
"306","EUR-LOVGI-SSEC in EUR-LOVGI-SSEC - EUR-LOVGI-SSEC : 5Y","Risk Type : Issuer Credit","EUR-LOVGI-SSEC in EUR-LOVGI-SSEC"
"307","EUR Interest Rate Swap Curve - EU.EUR.IRSWP.ZC : 20Y","Risk Type : Interest Rate","EUR Interest Rate Swap Curve"
"308","GBP Interest Rate Swap Curve - GB.GBP.IRSWP.ZC : 1M","Risk Type : Interest Rate","GBP Interest Rate Swap Curve"
"309","GBP Interest Rate Swap Curve - GB.GBP.IRSWP.ZC : 6M","Risk Type : Interest Rate","GBP Interest Rate Swap Curve"
"310","GBP Interest Rate Swap Curve - GB.GBP.IRSWP.ZC : 1Y","Risk Type : Interest Rate","GBP Interest Rate Swap Curve"
"311","GBP Interest Rate Swap Curve - GB.GBP.IRSWP.ZC : 5Y","Risk Type : Interest Rate","GBP Interest Rate Swap Curve"
"312","GBP Interest Rate Swap Curve - GB.GBP.IRSWP.ZC : 10Y","Risk Type : Interest Rate","GBP Interest Rate Swap Curve"
"313","GBP Interest Rate Swap Curve - GB.GBP.IRSWP.ZC : 20Y","Risk Type : Interest Rate","GBP Interest Rate Swap Curve"
"314","GBP Interest Rate Swap Curve - GB.GBP.IRSWP.ZC : 30Y","Risk Type : Interest Rate","GBP Interest Rate Swap Curve"
"315","USD Interest Rate Swap Curve - US.USD.IRSWP.ZC : 20Y","Risk Type : Interest Rate","USD Interest Rate Swap Curve"
"316","USD Interest Rate Swap Curve - US.USD.IRSWP.ZC : 30Y","Risk Type : Interest Rate","USD Interest Rate Swap Curve"
"317","Country - Belgium","Risk Type : Equity","Country"
"318","Country - United States","Risk Type : Equity","Country"
"319","CDXNAIG - CDX-NAIGS35V1-5Y : 5Y","Risk Type : Issuer Credit","CDXNAIG"
"320","EUR-DVFIN-GLOBAL-BBB3 in EUR-DVFIN-GLOBAL-BBB3 - EUR-DVFIN-GLOBAL-BBB3 : 5Y","Risk Type : Issuer Credit","EUR-DVFIN-GLOBAL-BBB3 in EUR-DVFIN-GLOBAL-BBB3"
"321","USD-ALLSECTORS-LATM-C in USD-ALLSECTORS-LATM-C - USD-ALLSECTORS-LATM-C : 5Y","Risk Type : Issuer Credit","USD-ALLSECTORS-LATM-C in USD-ALLSECTORS-LATM-C"
"322","USD-DVFIN-GLOBAL-BB2 in USD-DVFIN-GLOBAL-BB2 - USD-DVFIN-GLOBAL-BB2 : 5Y","Risk Type : Issuer Credit","USD-DVFIN-GLOBAL-BB2 in USD-DVFIN-GLOBAL-BB2"
"323","USD-DVFIN-GLOBAL-BBB3 in USD-DVFIN-GLOBAL-BBB3 - USD-DVFIN-GLOBAL-BBB3 : 5Y","Risk Type : Issuer Credit","USD-DVFIN-GLOBAL-BBB3 in USD-DVFIN-GLOBAL-BBB3"
"324","USD-GTN-SEN in USD-GTN-SEN - USD-GTN-SEN : 5Y","Risk Type : Issuer Credit","USD-GTN-SEN in USD-GTN-SEN"
"325","Country - United Arab Emirates","Risk Type : Equity","Country"
"326","US.USD.FDSWP3M.ZC - US.USD.FDSWP3M.ZC : 30Y","Risk Type : Interest Rate","US.USD.FDSWP3M.ZC"
"327","USD-ALLSECTORS-NAMR-BBB3 in USD-ALLSECTORS-NAMR-BBB3 - USD-ALLSECTORS-NAMR-BBB3 : 5Y","Risk Type : Issuer Credit","USD-ALLSECTORS-NAMR-BBB3 in USD-ALLSECTORS-NAMR-BBB3"
"328","EU.EUR.FDSWP3M.ZC - EU.EUR.FDSWP3M.ZC : 1M","Risk Type : Interest Rate","EU.EUR.FDSWP3M.ZC"
"329","EU.EUR.FDSWP3M.ZC - EU.EUR.FDSWP3M.ZC : 6M","Risk Type : Interest Rate","EU.EUR.FDSWP3M.ZC"
"330","EU.EUR.FDSWP3M.ZC - EU.EUR.FDSWP3M.ZC : 5Y","Risk Type : Interest Rate","EU.EUR.FDSWP3M.ZC"
"331","EUR-ALLSECTORS-EURP-BBB3 in EUR-ALLSECTORS-EURP-BBB3 - EUR-ALLSECTORS-EURP-BBB3 : 5Y","Risk Type : Issuer Credit","EUR-ALLSECTORS-EURP-BBB3 in EUR-ALLSECTORS-EURP-BBB3"
"332","Country - Kuwait","Risk Type : Equity","Country"
"333","Country - Germany","Risk Type : Equity","Country"
"334","USD-ALLSECTORS-MDLE-BBB3 in USD-ALLSECTORS-MDLE-BBB3 - USD-ALLSECTORS-MDLE-BBB3 : 5Y","Risk Type : Issuer Credit","USD-ALLSECTORS-MDLE-BBB3 in USD-ALLSECTORS-MDLE-BBB3"
"335","EUR-INSNC-EURP-BBB3 in EUR-INSNC-EURP-BBB3 - EUR-INSNC-EURP-BBB3 : 5Y","Risk Type : Issuer Credit","EUR-INSNC-EURP-BBB3 in EUR-INSNC-EURP-BBB3"
"336","USD-NFN-APAC-BBB3 in USD-NFN-APAC-BBB3 - USD-NFN-APAC-BBB3 : 5Y","Risk Type : Issuer Credit","USD-NFN-APAC-BBB3 in USD-NFN-APAC-BBB3"
"337","Vol Surface: FTSE 100 - Vol:FTSE 100 : -50.182D","Risk Type : Vega","Vol Surface: FTSE 100"
"338","Vol Surface: FTSE 100 - Vol:FTSE 100 : 50.182D","Risk Type : Vega","Vol Surface: FTSE 100"
"339","GBP Overnight Index Swap Zero Yield Curve - GB.GBP.OISWP.ZC : 5Y","Risk Type : Interest Rate","GBP Overnight Index Swap Zero Yield Curve"
"340","GBP Overnight Index Swap Zero Yield Curve - GB.GBP.OISWP.ZC : 30Y","Risk Type : Interest Rate","GBP Overnight Index Swap Zero Yield Curve"
"341","GBP Overnight Index Swap Zero Yield Curve - GB.GBP.OISWP.ZC : 6M","Risk Type : Interest Rate","GBP Overnight Index Swap Zero Yield Curve"
"342","EUR-BDC-SUB in EUR-BDC-SUB - EUR-BDC-SUB : 5Y","Risk Type : Issuer Credit","EUR-BDC-SUB in EUR-BDC-SUB"
"343","EUR-HTZ-SEN in EUR-HTZ-SEN - EUR-HTZ-SEN : 5Y","Risk Type : Issuer Credit","EUR-HTZ-SEN in EUR-HTZ-SEN"
"344","EUR-MTRL-EURP-BBB3 in EUR-MTRL-EURP-BBB3 - EUR-MTRL-EURP-BBB3 : 5Y","Risk Type : Issuer Credit","EUR-MTRL-EURP-BBB3 in EUR-MTRL-EURP-BBB3"
"345","EUR-SENGR-SSEC in EUR-SENGR-SSEC - EUR-SENGR-SSEC : 5Y","Risk Type : Issuer Credit","EUR-SENGR-SSEC in EUR-SENGR-SSEC"
"346","USD-ABCSUP-SEN in USD-ABCSUP-SEN - USD-ABCSUP-SEN : 5Y","Risk Type : Issuer Credit","USD-ABCSUP-SEN in USD-ABCSUP-SEN"
"347","USD-ALFAA-SEN in USD-ALFAA-SEN - USD-ALFAA-SEN : 5Y","Risk Type : Issuer Credit","USD-ALFAA-SEN in USD-ALFAA-SEN"
"348","USD-BBVASM_GFBBSD-T2 in USD-BBVASM_GFBBSD-T2 - USD-BBVASM_GFBBSD-T2 : 5Y","Risk Type : Issuer Credit","USD-BBVASM_GFBBSD-T2 in USD-BBVASM_GFBBSD-T2"
"349","USD-CAPGD-GLOBAL-AA2 in USD-CAPGD-GLOBAL-AA2 - USD-CAPGD-GLOBAL-AA2 : 5Y","Risk Type : Issuer Credit","USD-CAPGD-GLOBAL-AA2 in USD-CAPGD-GLOBAL-AA2"
"350","USD-CBVS-SEN in USD-CBVS-SEN - USD-CBVS-SEN : 5Y","Risk Type : Issuer Credit","USD-CBVS-SEN in USD-CBVS-SEN"
"351","USD-CHPGI-SEN in USD-CHPGI-SEN - USD-CHPGI-SEN : 5Y","Risk Type : Issuer Credit","USD-CHPGI-SEN in USD-CHPGI-SEN"
"352","USD-CKHUH-SEN in USD-CKHUH-SEN - USD-CKHUH-SEN : 5Y","Risk Type : Issuer Credit","USD-CKHUH-SEN in USD-CKHUH-SEN"
"353","USD-COMS-GLOBAL-BBB3 in USD-COMS-GLOBAL-BBB3 - USD-COMS-GLOBAL-BBB3 : 5Y","Risk Type : Issuer Credit","USD-COMS-GLOBAL-BBB3 in USD-COMS-GLOBAL-BBB3"
"354","USD-DVFIN-NAMR-B2 in USD-DVFIN-NAMR-B2 - USD-DVFIN-NAMR-B2 : 5Y","Risk Type : Issuer Credit","USD-DVFIN-NAMR-B2 in USD-DVFIN-NAMR-B2"
"355","USD-EHLAU-SSEC in USD-EHLAU-SSEC - USD-EHLAU-SSEC : 5Y","Risk Type : Issuer Credit","USD-EHLAU-SSEC in USD-EHLAU-SSEC"
"356","USD-ENRG-GLOBAL-B2 in USD-ENRG-GLOBAL-B2 - USD-ENRG-GLOBAL-B2 : 5Y","Risk Type : Issuer Credit","USD-ENRG-GLOBAL-B2 in USD-ENRG-GLOBAL-B2"
"357","USD-ENRG-GLOBAL-BBB3 in USD-ENRG-GLOBAL-BBB3 - USD-ENRG-GLOBAL-BBB3 : 5Y","Risk Type : Issuer Credit","USD-ENRG-GLOBAL-BBB3 in USD-ENRG-GLOBAL-BBB3"
"358","USD-FUNOTR-SEN in USD-FUNOTR-SEN - USD-FUNOTR-SEN : 5Y","Risk Type : Issuer Credit","USD-FUNOTR-SEN in USD-FUNOTR-SEN"
"359","USD-INSNC-NAMR-BB3 in USD-INSNC-NAMR-BB3 - USD-INSNC-NAMR-BB3 : 5Y","Risk Type : Issuer Credit","USD-INSNC-NAMR-BB3 in USD-INSNC-NAMR-BB3"
"360","USD-KKB-SEN in USD-KKB-SEN - USD-KKB-SEN : 5Y","Risk Type : Issuer Credit","USD-KKB-SEN in USD-KKB-SEN"
"361","USD-MRFGBZ-SEN in USD-MRFGBZ-SEN - USD-MRFGBZ-SEN : 5Y","Risk Type : Issuer Credit","USD-MRFGBZ-SEN in USD-MRFGBZ-SEN"
"362","USD-MTRL-EURP-BBB3 in USD-MTRL-EURP-BBB3 - USD-MTRL-EURP-BBB3 : 5Y","Risk Type : Issuer Credit","USD-MTRL-EURP-BBB3 in USD-MTRL-EURP-BBB3"
"363","USD-MTRL-NAMR-B3 in USD-MTRL-NAMR-B3 - USD-MTRL-NAMR-B3 : 5Y","Risk Type : Issuer Credit","USD-MTRL-NAMR-B3 in USD-MTRL-NAMR-B3"
"364","USD-PHNXLN-T2 in USD-PHNXLN-T2 - USD-PHNXLN-T2 : 5Y","Risk Type : Issuer Credit","USD-PHNXLN-T2 in USD-PHNXLN-T2"
"365","USD-SUZANO-SEN in USD-SUZANO-SEN - USD-SUZANO-SEN : 5Y","Risk Type : Issuer Credit","USD-SUZANO-SEN in USD-SUZANO-SEN"
"366","USD-TRANS-NAMR-BB1 in USD-TRANS-NAMR-BB1 - USD-TRANS-NAMR-BB1 : 5Y","Risk Type : Issuer Credit","USD-TRANS-NAMR-BB1 in USD-TRANS-NAMR-BB1"
"367","USD-TSELEC-SEN in USD-TSELEC-SEN - USD-TSELEC-SEN : 5Y","Risk Type : Issuer Credit","USD-TSELEC-SEN in USD-TSELEC-SEN"
"368","USD-UTIL-GLOBAL-BBB3 in USD-UTIL-GLOBAL-BBB3 - USD-UTIL-GLOBAL-BBB3 : 5Y","Risk Type : Issuer Credit","USD-UTIL-GLOBAL-BBB3 in USD-UTIL-GLOBAL-BBB3"
"369","USD-VOLCAN-SEN in USD-VOLCAN-SEN - USD-VOLCAN-SEN : 5Y","Risk Type : Issuer Credit","USD-VOLCAN-SEN in USD-VOLCAN-SEN"
"370","USD-ZHAIK-SEN in USD-ZHAIK-SEN - USD-ZHAIK-SEN : 5Y","Risk Type : Issuer Credit","USD-ZHAIK-SEN in USD-ZHAIK-SEN"
"371","GBP-ALLSECTORS-UKNG-BBB3 in GBP-ALLSECTORS-UKNG-BBB3 - GBP-ALLSECTORS-UKNG-BBB3 : 5Y","Risk Type : Issuer Credit","GBP-ALLSECTORS-UKNG-BBB3 in GBP-ALLSECTORS-UKNG-BBB3"
"372","GBP-WREKIN-SSEC in GBP-WREKIN-SSEC - GBP-WREKIN-SSEC : 5Y","Risk Type : Issuer Credit","GBP-WREKIN-SSEC in GBP-WREKIN-SSEC"
"373","USD-HCESV-NAMR-A2 in USD-HCESV-NAMR-A2 - USD-HCESV-NAMR-A2 : 5Y","Risk Type : Issuer Credit","USD-HCESV-NAMR-A2 in USD-HCESV-NAMR-A2"
"374","EUR-ENRG-GLOBAL-BBB2 in EUR-ENRG-GLOBAL-BBB2 - EUR-ENRG-GLOBAL-BBB2 : 5Y","Risk Type : Issuer Credit","EUR-ENRG-GLOBAL-BBB2 in EUR-ENRG-GLOBAL-BBB2"
"375","GBP-DVFIN-UKNG-A2 in GBP-DVFIN-UKNG-A2 - GBP-DVFIN-UKNG-A2 : 5Y","Risk Type : Issuer Credit","GBP-DVFIN-UKNG-A2 in GBP-DVFIN-UKNG-A2"
"376","USD-BBBB-LN2 in USD-BBBB-LN2 - USD-BBBB-LN2 : 5Y","Risk Type : Issuer Credit","USD-BBBB-LN2 in USD-BBBB-LN2"
"377","USD-DVFIN-EURP-BBB3 in USD-DVFIN-EURP-BBB3 - USD-DVFIN-EURP-BBB3 : 5Y","Risk Type : Issuer Credit","USD-DVFIN-EURP-BBB3 in USD-DVFIN-EURP-BBB3"
"378","USD-ERI-SEN in USD-ERI-SEN - USD-ERI-SEN : 5Y","Risk Type : Issuer Credit","USD-ERI-SEN in USD-ERI-SEN"
"379","USD-HKUS-SEN in USD-HKUS-SEN - USD-HKUS-SEN : 5Y","Risk Type : Issuer Credit","USD-HKUS-SEN in USD-HKUS-SEN"
"380","USD-INDU-EURP-BB1 in USD-INDU-EURP-BB1 - USD-INDU-EURP-BB1 : 5Y","Risk Type : Issuer Credit","USD-INDU-EURP-BB1 in USD-INDU-EURP-BB1"
"381","USD-INDU-EURP-CCC2 in USD-INDU-EURP-CCC2 - USD-INDU-EURP-CCC2 : 5Y","Risk Type : Issuer Credit","USD-INDU-EURP-CCC2 in USD-INDU-EURP-CCC2"
"382","USD-JIANGX-SEN in USD-JIANGX-SEN - USD-JIANGX-SEN : 5Y","Risk Type : Issuer Credit","USD-JIANGX-SEN in USD-JIANGX-SEN"
"383","USD-M-SEN in USD-M-SEN - USD-M-SEN : 5Y","Risk Type : Issuer Credit","USD-M-SEN in USD-M-SEN"
"384","USD-MTCH-SEN in USD-MTCH-SEN - USD-MTCH-SEN : 5Y","Risk Type : Issuer Credit","USD-MTCH-SEN in USD-MTCH-SEN"
"385","USD-PHARM-NAMR-BBB3 in USD-PHARM-NAMR-BBB3 - USD-PHARM-NAMR-BBB3 : 5Y","Risk Type : Issuer Credit","USD-PHARM-NAMR-BBB3 in USD-PHARM-NAMR-BBB3"
"386","USD-RABOBK-SEN in USD-RABOBK-SEN - USD-RABOBK-SEN : 5Y","Risk Type : Issuer Credit","USD-RABOBK-SEN in USD-RABOBK-SEN"
"387","USD-WCG-SEN in USD-WCG-SEN - USD-WCG-SEN : 5Y","Risk Type : Issuer Credit","USD-WCG-SEN in USD-WCG-SEN"
"388","EUR-RELLN-SEN in EUR-RELLN-SEN - EUR-RELLN-SEN : 5Y","Risk Type : Issuer Credit","EUR-RELLN-SEN in EUR-RELLN-SEN"
"389","GBP-DLGLN-T2 in GBP-DLGLN-T2 - GBP-DLGLN-T2 : 5Y","Risk Type : Issuer Credit","GBP-DLGLN-T2 in GBP-DLGLN-T2"
"390","GBP-HCN-SEN in GBP-HCN-SEN - GBP-HCN-SEN : 5Y","Risk Type : Issuer Credit","GBP-HCN-SEN in GBP-HCN-SEN"
"391","GBP-KEL-SSEC in GBP-KEL-SSEC - GBP-KEL-SSEC : 5Y","Risk Type : Issuer Credit","GBP-KEL-SSEC in GBP-KEL-SSEC"
"392","GBP-TELIAS-SEN in GBP-TELIAS-SEN - GBP-TELIAS-SEN : 5Y","Risk Type : Issuer Credit","GBP-TELIAS-SEN in GBP-TELIAS-SEN"
"393","USD-AES_UI-SSEC in USD-AES_UI-SSEC - USD-AES_UI-SSEC : 5Y","Risk Type : Issuer Credit","USD-AES_UI-SSEC in USD-AES_UI-SSEC"
"394","USD-AMCAU-SEN in USD-AMCAU-SEN - USD-AMCAU-SEN : 5Y","Risk Type : Issuer Credit","USD-AMCAU-SEN in USD-AMCAU-SEN"
"395","USD-APH-SEN in USD-APH-SEN - USD-APH-SEN : 5Y","Risk Type : Issuer Credit","USD-APH-SEN in USD-APH-SEN"
"396","USD-APO-SEN in USD-APO-SEN - USD-APO-SEN : 5Y","Risk Type : Issuer Credit","USD-APO-SEN in USD-APO-SEN"
"397","USD-BPCEGP-T2 in USD-BPCEGP-T2 - USD-BPCEGP-T2 : 5Y","Risk Type : Issuer Credit","USD-BPCEGP-T2 in USD-BPCEGP-T2"
"398","USD-BTGPBZ-SEN in USD-BTGPBZ-SEN - USD-BTGPBZ-SEN : 5Y","Risk Type : Issuer Credit","USD-BTGPBZ-SEN in USD-BTGPBZ-SEN"
"399","USD-FTAI-SEN in USD-FTAI-SEN - USD-FTAI-SEN : 5Y","Risk Type : Issuer Credit","USD-FTAI-SEN in USD-FTAI-SEN"
"400","USD-GOVPIT-SEN in USD-GOVPIT-SEN - USD-GOVPIT-SEN : 5Y","Risk Type : Issuer Credit","USD-GOVPIT-SEN in USD-GOVPIT-SEN"
"401","USD-IEX-SEN in USD-IEX-SEN - USD-IEX-SEN : 5Y","Risk Type : Issuer Credit","USD-IEX-SEN in USD-IEX-SEN"
"402","USD-IMKTA-SEN in USD-IMKTA-SEN - USD-IMKTA-SEN : 5Y","Risk Type : Issuer Credit","USD-IMKTA-SEN in USD-IMKTA-SEN"
"403","USD-LEE-SSEC in USD-LEE-SSEC - USD-LEE-SSEC : 5Y","Risk Type : Issuer Credit","USD-LEE-SSEC in USD-LEE-SSEC"
"404","USD-LEN-SEN in USD-LEN-SEN - USD-LEN-SEN : 5Y","Risk Type : Issuer Credit","USD-LEN-SEN in USD-LEN-SEN"
"405","USD-LIFUNG-SEN in USD-LIFUNG-SEN - USD-LIFUNG-SEN : 5Y","Risk Type : Issuer Credit","USD-LIFUNG-SEN in USD-LIFUNG-SEN"
"406","USD-MCEXPP-SEN in USD-MCEXPP-SEN - USD-MCEXPP-SEN : 5Y","Risk Type : Issuer Credit","USD-MCEXPP-SEN in USD-MCEXPP-SEN"
"407","USD-NBR-SEN in USD-NBR-SEN - USD-NBR-SEN : 5Y","Risk Type : Issuer Credit","USD-NBR-SEN in USD-NBR-SEN"
"408","USD-NWMLIC-SUB in USD-NWMLIC-SUB - USD-NWMLIC-SUB : 5Y","Risk Type : Issuer Credit","USD-NWMLIC-SUB in USD-NWMLIC-SUB"
"409","USD-WSTP-T2CC in USD-WSTP-T2CC - USD-WSTP-T2CC : 5Y","Risk Type : Issuer Credit","USD-WSTP-T2CC in USD-WSTP-T2CC"
"410","Country - Qatar","Risk Type : Equity","Country"
"411","CDXNAIG - CDX-NAIGS36V1-5Y : 5Y","Risk Type : Issuer Credit","CDXNAIG"
"412","Australia Govt Zero Curve (AUD) - AU.AUD.GVT.ZC : 10Y","Risk Type : Interest Rate","Australia Govt Zero Curve (AUD)"
"413","Australia Govt Zero Curve (AUD) - AU.AUD.GVT.ZC : 1M","Risk Type : Interest Rate","Australia Govt Zero Curve (AUD)"
"414","Australia Govt Zero Curve (AUD) - AU.AUD.GVT.ZC : 1Y","Risk Type : Interest Rate","Australia Govt Zero Curve (AUD)"
"415","Australia Govt Zero Curve (AUD) - AU.AUD.GVT.ZC : 20Y","Risk Type : Interest Rate","Australia Govt Zero Curve (AUD)"
"416","Australia Govt Zero Curve (AUD) - AU.AUD.GVT.ZC : 5Y","Risk Type : Interest Rate","Australia Govt Zero Curve (AUD)"
"417","Australia Govt Zero Curve (AUD) - AU.AUD.GVT.ZC : 6M","Risk Type : Interest Rate","Australia Govt Zero Curve (AUD)"
"418","Australia Swap Zero Spread Curve (AUD) - AU.AUD.SWP.ZCS : 10Y","Risk Type : Interest Rate","Australia Swap Zero Spread Curve (AUD)"
"419","Australia Swap Zero Spread Curve (AUD) - AU.AUD.SWP.ZCS : 1M","Risk Type : Interest Rate","Australia Swap Zero Spread Curve (AUD)"
"420","Australia Swap Zero Spread Curve (AUD) - AU.AUD.SWP.ZCS : 1Y","Risk Type : Interest Rate","Australia Swap Zero Spread Curve (AUD)"
"421","Australia Swap Zero Spread Curve (AUD) - AU.AUD.SWP.ZCS : 20Y","Risk Type : Interest Rate","Australia Swap Zero Spread Curve (AUD)"
"422","Australia Swap Zero Spread Curve (AUD) - AU.AUD.SWP.ZCS : 5Y","Risk Type : Interest Rate","Australia Swap Zero Spread Curve (AUD)"
"423","Australia Swap Zero Spread Curve (AUD) - AU.AUD.SWP.ZCS : 6M","Risk Type : Interest Rate","Australia Swap Zero Spread Curve (AUD)"
"424","AUD Swaption Volatility - AUD.ATM : 10Y.10Y","Risk Type : Vega","AUD Swaption Volatility"
"425","Currency - Currency: Australian Dollar","Risk Type : FX","Currency"
"426","Credit Currency Intercept - AUD Intercept","Risk Type : Issuer Credit","Credit Currency Intercept"
"427","CDX-NAIG - CDX-NAIGS36V1-5Y : 10Y","Risk Type : Issuer Credit","CDX-NAIG"
"428","Credit Currency Intercept - AUD_Intercept_MKT","Risk Type : Issuer Credit","Credit Currency Intercept"
"429","Credit Style - G_Beta","Risk Type : Issuer Credit","Credit Style"
"430","Credit Country - G_Country_AU","Risk Type : Issuer Credit","Credit Country"
"431","Credit Country - G_Country_DE","Risk Type : Issuer Credit","Credit Country"
"432","Credit Country - G_Country_EURP_OTHER","Risk Type : Issuer Credit","Credit Country"
"433","Credit Country - G_Country_NL","Risk Type : Issuer Credit","Credit Country"
"434","Credit Style - G_Momentum","Risk Type : Issuer Credit","Credit Style"
"435","Credit Sector - G_Sector_AGNC","Risk Type : Issuer Credit","Credit Sector"
"436","Credit Style - G_Size","Risk Type : Issuer Credit","Credit Style"
"437","Credit Style - G_Steepness","Risk Type : Issuer Credit","Credit Style"
"438","Credit Style - G_Value","Risk Type : Issuer Credit","Credit Style"
"439","Country - Austria","Risk Type : Equity","Country"
"440","USD Risk Free Rate OIS Spread Curve (SOFR) - US.USD.RFRSWP.ZCS : 10Y","Risk Type : Interest Rate","USD Risk Free Rate OIS Spread Curve (SOFR)"
"441","USD Risk Free Rate OIS Spread Curve (SOFR) - US.USD.RFRSWP.ZCS : 1Y","Risk Type : Interest Rate","USD Risk Free Rate OIS Spread Curve (SOFR)"
"442","USD Risk Free Rate OIS Spread Curve (SOFR) - US.USD.RFRSWP.ZCS : 20Y","Risk Type : Interest Rate","USD Risk Free Rate OIS Spread Curve (SOFR)"
"443","USD Risk Free Rate OIS Spread Curve (SOFR) - US.USD.RFRSWP.ZCS : 30Y","Risk Type : Interest Rate","USD Risk Free Rate OIS Spread Curve (SOFR)"
"444","USD Risk Free Rate OIS Spread Curve (SOFR) - US.USD.RFRSWP.ZCS : 5Y","Risk Type : Interest Rate","USD Risk Free Rate OIS Spread Curve (SOFR)"
"445","Country - India","Risk Type : Equity","Country"
"446","CDX-NAIG - CDX-NAIGS37V1-5Y : 5Y","Risk Type : Issuer Credit","CDX-NAIG"
"447","JPY Overnight Index Swap Zero Yield Curve - JP.JPY.OISWP.ZC : 30Y","Risk Type : Interest Rate","JPY Overnight Index Swap Zero Yield Curve"
"448","JPY Overnight Index Swap Zero Yield Curve - JP.JPY.OISWP.ZC : 5Y","Risk Type : Interest Rate","JPY Overnight Index Swap Zero Yield Curve"
"449","JPY Overnight Index Swap Zero Yield Curve - JP.JPY.OISWP.ZC : 6M","Risk Type : Interest Rate","JPY Overnight Index Swap Zero Yield Curve"
"450","Industry - Automobiles","Risk Type : Equity","Industry"
"451","USD Risk Free Rate OIS Spread Curve (SOFR) - US.USD.RFRSWP.ZCS : 6M","Risk Type : Interest Rate","USD Risk Free Rate OIS Spread Curve (SOFR)"
"452","CHF Overnight Index Swap Zero Yield Curve - CH.CHF.OISWP.ZC : 30Y","Risk Type : Interest Rate","CHF Overnight Index Swap Zero Yield Curve"
"453","CHF Overnight Index Swap Zero Yield Curve - CH.CHF.OISWP.ZC : 5Y","Risk Type : Interest Rate","CHF Overnight Index Swap Zero Yield Curve"
"454","CHF Overnight Index Swap Zero Yield Curve - CH.CHF.OISWP.ZC : 6M","Risk Type : Interest Rate","CHF Overnight Index Swap Zero Yield Curve"
"455","EUR Risk Free Rate OIS Spread Curve (ESTR) - EU.EUR.RFRSWP.ZCS : 10Y","Risk Type : Interest Rate","EUR Risk Free Rate OIS Spread Curve (ESTR)"
"456","EUR Risk Free Rate OIS Spread Curve (ESTR) - EU.EUR.RFRSWP.ZCS : 1M","Risk Type : Interest Rate","EUR Risk Free Rate OIS Spread Curve (ESTR)"
"457","EUR Risk Free Rate OIS Spread Curve (ESTR) - EU.EUR.RFRSWP.ZCS : 1Y","Risk Type : Interest Rate","EUR Risk Free Rate OIS Spread Curve (ESTR)"
"458","EUR Risk Free Rate OIS Spread Curve (ESTR) - EU.EUR.RFRSWP.ZCS : 20Y","Risk Type : Interest Rate","EUR Risk Free Rate OIS Spread Curve (ESTR)"
"459","EUR Risk Free Rate OIS Spread Curve (ESTR) - EU.EUR.RFRSWP.ZCS : 30Y","Risk Type : Interest Rate","EUR Risk Free Rate OIS Spread Curve (ESTR)"
"460","EUR Risk Free Rate OIS Spread Curve (ESTR) - EU.EUR.RFRSWP.ZCS : 5Y","Risk Type : Interest Rate","EUR Risk Free Rate OIS Spread Curve (ESTR)"
"461","EUR Risk Free Rate OIS Spread Curve (ESTR) - EU.EUR.RFRSWP.ZCS : 6M","Risk Type : Interest Rate","EUR Risk Free Rate OIS Spread Curve (ESTR)"
"462","USD Risk Free Rate OIS Spread Curve (SOFR) - US.USD.RFRSWP.ZCS : 1M","Risk Type : Interest Rate","USD Risk Free Rate OIS Spread Curve (SOFR)"
"463","CDX-NAIG - CDX-NAIGS38V1-5Y : 5Y","Risk Type : Issuer Credit","CDX-NAIG"
"464","Currency - Currency: Norwegian Krone","Risk Type : FX","Currency"
"465","Credit Market - AUD Market","Risk Type : Issuer Credit","Credit Market"
"466","Credit Market - CHF Market","Risk Type : Issuer Credit","Credit Market"
"467","Credit Market - EUR Market","Risk Type : Issuer Credit","Credit Market"
"468","Credit Quality - EUR Quality A","Risk Type : Issuer Credit","Credit Quality"
"469","Credit Quality - EUR Quality AA","Risk Type : Issuer Credit","Credit Quality"
"470","Credit Quality - EUR Quality BB","Risk Type : Issuer Credit","Credit Quality"
"471","Credit Quality - EUR Quality BBB","Risk Type : Issuer Credit","Credit Quality"
"472","Credit Market - GBP Market","Risk Type : Issuer Credit","Credit Market"
"473","Credit Quality - GBP Quality A","Risk Type : Issuer Credit","Credit Quality"
"474","Credit Quality - GBP Quality AA","Risk Type : Issuer Credit","Credit Quality"
"475","Credit Quality - GBP Quality BB","Risk Type : Issuer Credit","Credit Quality"
"476","Credit Quality - GBP Quality BBB","Risk Type : Issuer Credit","Credit Quality"
"477","Credit Market - JPY Market","Risk Type : Issuer Credit","Credit Market"
"478","Credit Market - NOK Market","Risk Type : Issuer Credit","Credit Market"
"479","Credit Quality - Other Quality A","Risk Type : Issuer Credit","Credit Quality"
"480","Credit Quality - Other Quality AA","Risk Type : Issuer Credit","Credit Quality"
"481","Credit Quality - Other Quality BB","Risk Type : Issuer Credit","Credit Quality"
"482","Credit Quality - Other Quality BBB","Risk Type : Issuer Credit","Credit Quality"
"483","Credit Market - SEK Market","Risk Type : Issuer Credit","Credit Market"
"484","Norway Govt Zero Curve (NOK) - NO.NOK.GVT.ZC : 10Y","Risk Type : Interest Rate","Norway Govt Zero Curve (NOK)"
"485","Norway Govt Zero Curve (NOK) - NO.NOK.GVT.ZC : 1M","Risk Type : Interest Rate","Norway Govt Zero Curve (NOK)"
"486","Norway Govt Zero Curve (NOK) - NO.NOK.GVT.ZC : 1Y","Risk Type : Interest Rate","Norway Govt Zero Curve (NOK)"
"487","Norway Govt Zero Curve (NOK) - NO.NOK.GVT.ZC : 5Y","Risk Type : Interest Rate","Norway Govt Zero Curve (NOK)"
"488","Norway Govt Zero Curve (NOK) - NO.NOK.GVT.ZC : 6M","Risk Type : Interest Rate","Norway Govt Zero Curve (NOK)"
"489","Norway Swap Zero Spread Curve (NOK) - NO.NOK.SWP.ZCS : 10Y","Risk Type : Interest Rate","Norway Swap Zero Spread Curve (NOK)"
"490","Norway Swap Zero Spread Curve (NOK) - NO.NOK.SWP.ZCS : 1M","Risk Type : Interest Rate","Norway Swap Zero Spread Curve (NOK)"
"491","Norway Swap Zero Spread Curve (NOK) - NO.NOK.SWP.ZCS : 1Y","Risk Type : Interest Rate","Norway Swap Zero Spread Curve (NOK)"
"492","Norway Swap Zero Spread Curve (NOK) - NO.NOK.SWP.ZCS : 5Y","Risk Type : Interest Rate","Norway Swap Zero Spread Curve (NOK)"
"493","Norway Swap Zero Spread Curve (NOK) - NO.NOK.SWP.ZCS : 6M","Risk Type : Interest Rate","Norway Swap Zero Spread Curve (NOK)"
"494","NOK Swaption Volatility - NOK.ATM : 5Y.10Y","Risk Type : Vega","NOK Swaption Volatility"
"495","USD Overnight Index Swap Zero Yield Curve - US.USD.OISWP.ZC : 30Y","Risk Type : Interest Rate","USD Overnight Index Swap Zero Yield Curve"
"496","USD Overnight Index Swap Zero Yield Curve - US.USD.OISWP.ZC : 5Y","Risk Type : Interest Rate","USD Overnight Index Swap Zero Yield Curve"
"497","USD Overnight Index Swap Zero Yield Curve - US.USD.OISWP.ZC : 6M","Risk Type : Interest Rate","USD Overnight Index Swap Zero Yield Curve"
"498","CDX-NAIG - CDX-NAIGS39V1-5Y : 5Y","Risk Type : Issuer Credit","CDX-NAIG"
"499","Currency - Currency: Canadian Dollar","Risk Type : FX","Currency"
"500","USD-TMXFIN-SSEC-RFRSPR in USD-TMXFIN-SSEC-RFRSPR - USD-TMXFIN-SSEC-RFRSPR : 5Y","Risk Type : Issuer Credit","USD-TMXFIN-SSEC-RFRSPR in USD-TMXFIN-SSEC-RFRSPR"
"501","Industry - Multi-Utilities","Risk Type : Equity","Industry"
"502","Country - Slovenia","Risk Type : Equity","Country"
"503","Country - Hungary","Risk Type : Equity","Country"
"504","Industry - Equity Real Estate Investment Trusts (REITs)","Risk Type : Equity","Industry"
